ID,Title,Description,View
1,Nature Photography,Beautiful landscapes and nature photos,1250
2,Travel Memories,Photos from travel destinations,980
3,Family Moments,Memorable family photographs,650
4,City Life,Urban streets and architecture,870
5,Wildlife,Animals and wildlife photography,1450
6,Food Gallery,Delicious food photography,520
7,Festivals,Festival celebrations and events,760
8,Sunsets,Beautiful sunset photographs,1100
9,Flowers,Colorful flowers and gardens,430
10,Technology,Technology and gadget photography,390