ID,Name,PhoneNum,Email,Address
1,Aarav Kumar,9000000001,aarav@example.com,Chennai
2,Priya Sharma,9000000002,priya@example.com,Bangalore
3,Rahul Das,9000000003,rahul@example.com,Kolkata
4,Ananya Rao,9000000004,ananya@example.com,Hyderabad
5,Rohan Patel,9000000005,rohan@example.com,Mumbai
6,Neha Singh,9000000006,neha@example.com,Delhi
7,Vikram Mehta,9000000007,vikram@example.com,Pune
8,Kavya Nair,9000000008,kavya@example.com,Kochi
9,Arjun Verma,9000000009,arjun@example.com,Jaipur
10,Riya Kapoor,9000000010,riya@example.com,Goa